review_id,title,author,author_url,version,rating,review,vote_count
5007645012,Very good but some improvements can be made,Angel lyc,https://itunes.apple.com/hk/reviews/id668620602,5.3.7,5,"1. I need to wait 2-10s when I copy something, which is quite slow and affects my notes jotting experience.

2. I want to pack the colour from my notes but these no such function.

3. Adding audio record function will be great.",0
5006074899,Good but can be better,AC mami,https://itunes.apple.com/hk/reviews/id672918847,5.3.7,4,"I bought this for take notes and be my planner, hope there will provide a calendar paper and update yearly the date in monthly or weekly. In addition, if it add copy book papers thatâ€™s will be prefect for practice hand writing with paper waste less",0
5005374349,goodnotes5,gsukiii,https://itunes.apple.com/hk/reviews/id1077274781,5.3.7,5,easy for use,0
4997173709,Suddenly lost connection with my Apple Pencil and loss all custom colours,lindawww,https://itunes.apple.com/hk/reviews/id504262337,5.3.7,2,"Suddenly lost connection with my Apple Pencil and loss all custom colours. Plz fix it, I am so sad and disappointed with that. I am always a fans for GoodNotes",0
4995412681,Battery Drain,scottsanett,https://itunes.apple.com/hk/reviews/id194744255,5.3.7,4,"Overall a pretty good app and great writing experience, but for some reason the battery drain has been pretty bad since a few updates ago. The machine gets really hot when I have only one tab open. Please roll out a fix!",0
4991561363,Solve the problem please,cywssssss,https://itunes.apple.com/hk/reviews/id1089768459,5.3.7,1,"Can select the highlighter ,pen but cannot use in the most time ,can your company solve the problems.It is troubled when there are note taking during lessons",0
4991327848,è¶…å¥½,Bosco8212,https://itunes.apple.com/hk/reviews/id677682569,5.3.7,5,å¦‚æœæœ‰å¤šå•²ç­†ç¨®å°±å¥½la,0
4976896575,Good but still buggy,kevinlhf,https://itunes.apple.com/hk/reviews/id87104553,5.3.6,3,"A good apps for taking notes at all.
However, 
1. when I write some words using Apple Pencil 2, the words will disappeared. This issue appear every lesson once or twice.
2. When I connected to apple TV and try to capture a photo, it canâ€™t edit the photo. This can be done if I disconnect to the Apple TV.
3. Loading page needs more time (5 seconds) recently. Photo was imported on those pages.

Hope the developer helps to solve the problems. Thanks!",0
4975019085,Bugs of the application,MsKyt,https://itunes.apple.com/hk/reviews/id286462505,5.3.6,2,The highlighter and eraser canâ€™t be used all the time,0
4957896239,New pen texture wanted! Insert table wanted!,Nichola.,https://itunes.apple.com/hk/reviews/id152076650,5.3.6,4,"I just bought it today and found dissatisfaction straight away. The 3 textures available are too similar and NO insert table function... 
I used to use the iOS default quick note app, the pencil texture within it is my favourite. And there is insert table function.
I paid GoodNotes and preferred you are better than the DEFAULT app. Please add these! My handwriting looks suck using the 3 textures you are currently available, and mess around without table. (Table as part of page only, not full page with you default layout)",0
4953525638,Demand Refund,peteanr,https://itunes.apple.com/hk/reviews/id251912525,5.3.6,1,"This app completely disappointed me.
I spend whole day to finish my work and try to save as PDF file.

But the PDF file is completely blank!!
All pictures cannot be shown in pdf format

So this app cannot be used to share any document.
People other than you cannot view your note done by this app.

Waste my time.",0
4945405131,Canâ€™t import PDF,Optimism not always,https://itunes.apple.com/hk/reviews/id556110375,5.3.4,1,"The new update version cannot import PDF file, please help to fix it, it is very important functions on this app. Thanks for all your hard works.",0
4944893039,Hope for Split screen function,uuuvvvhku,https://itunes.apple.com/hk/reviews/id931661071,5.3.4,3,Iâ€™ve been waiting for so long for any updates on split screen function within the app. Please consider it.,0
4940117433,å‡ç´šå¾Œæœ‰é»å•é¡Œ,verypk,https://itunes.apple.com/hk/reviews/id624092280,5.3.3,3,"1. æ‰¾ä¸åˆ°å¦‚ä½•åœ¨google driveä¸­æ‰¹é‡åŒ¯å…¥
2. Google drive åŒ¯å…¥æ™‚ä¸èƒ½æ›´æ–°google drive å…§å®¹
3. å¦‚ä½•åƒGoodnotes 4 freeze ç•«é¢?",0
4936320365,Great for Studying,Pickar Boy,https://itunes.apple.com/hk/reviews/id183078395,5.3.3,5,"As a university student, GoodNotes gives me the opportunity to store all my lectures, exercises, and notes in 1 app. With its great file management, I can make folders to divide each of my subjects into its separate location.

The ability to import any pdf into the app and annotate it makes this app very valuable for university students and teachers alike. Everything is digital and with a constant pressure to go green, this app helps.

The scrolling through documents is enjoyable, and the controls are responsive at all times. I have never had an issue with document browsing.

The ability to open the app in two different instances and do true split screen is a god send. I can have notes and lectures open simultaneously and take notes, whilst annotating, whilst reading.

`Nuff said. Get this app. If youâ€™re a uni student, you will guaranteed like it.",0
4918180539,Great Lol,kdkaerk,https://itunes.apple.com/hk/reviews/id642755719,5.3.3,5,No one care Fun cafr lip 123 456 789 ododoordhsgngrnnsnsepylpiyä¹›tå°±eå°±jaegeslmltghğŸ˜¨ğŸ˜¤ğŸ¤•ğŸ˜¤ğŸ¤¯ğŸ¤‘ğŸ˜®ğŸ˜®ğŸ˜µğŸ˜µğŸ˜µğŸ˜§,0
4913856663,About the control of rolling the pages,Tofu kei,https://itunes.apple.com/hk/reviews/id1081981171,5.3.3,4,"1. It is better to add a control button at the side of the screen so we can roll to the other page quickly. 
2. The no. of page can be shown for reference as it is quite uncomfortable when viewing a hundred page of document.
3. The texture of the highlight pen can be improved. The one in iPadâ€™s Document function is much more delicate.
4. Can add a pencil, just like the one in iPad Document.",0
4913354277,good,shi3717,https://itunes.apple.com/hk/reviews/id1068586057,5.3.3,4,I think it would be better if thereâ€™s an â€˜endless pageâ€™ as one of templates. (as apple note can write/scroll down infinitely.),0
4909163243,è¶…å¥½ç”¨çš„app,Mr. vampirebb,https://itunes.apple.com/hk/reviews/id101492229,5.3.3,5,é€£çºŒç”¨äº†å¹¾ä»£ï¼Œéå¸¸å¥½ç”¨çš„app,0
4903310292,PDFæ–‡å­—ä¸èƒ½é¸å–,DevinTanggggg,https://itunes.apple.com/hk/reviews/id443082161,5.3.3,5,ç”±4å‡5å¾Œ PDFæª”ï¼ˆpptè½‰pdf)æ–‡å­—ä¸èƒ½é¸å–äº†ï¼Œ4çš„æ™‚å€™æ˜¯å¯ä»¥çš„ã€‚ä¸€äº›ä¸æœƒçš„è‹±æ–‡ç”Ÿå­—ä¸èƒ½å³æ™‚ç”¨å…§å»ºè¾­å…¸æŸ¥é–±ï¼Œè®Šéº»ç…©äº†ã€‚å¾Œæ‚”è²·äº†5ã€‚,0
4900068981,å†åŠ ä¸Šä¸€äº›è¼”è‚‹ï¼Œå°±æ›´åŠ å¥½äº†,HeyleeHomi,https://itunes.apple.com/hk/reviews/id452965656,5.3.3,4,"ä¾‹å¦‚ï¼š
æœ‰äº›ç­†è¨˜å¯ä»¥åŠ å…¥å¯†ç¢¼ï¼Œå› ç‚ºæœ‰äº›å…§å®¹é—œæ–¼è‡ªå·±çš„ï¼Œæ€•è¢«åˆ¥äººçœ‹è¦‹ã€‚",0
4885023161,please support cloud services back up,royabc,https://itunes.apple.com/hk/reviews/id275495668,5.3.3,3,as title.,0
4875982074,Not able for multi-selection to import the file from Dropbox,ansel.wong,https://itunes.apple.com/hk/reviews/id107078095,5.3.3,4,"Iâ€™ve used and paid this apps for nearly 7 yrs. 
I love the previous versions and just upgrade to 5.0.  However, I canâ€™t select the files multiply from Dropbox, which makes me to select and import one by one, and it makes me waste a lot of time. 
Please help to rectify and allow this function in the new version.",0
4871487341,Ruler,K.H. Wong,https://itunes.apple.com/hk/reviews/id111359154,5.3.3,5,Iâ€™m a math teacher. I used GoodNotes as an electronic white board. Can a ruler tool be added in GoodNotes? Itâ€™s very hard to draw a precise line.,0
4865939728,Tool bar a little too big,Jooooole,https://itunes.apple.com/hk/reviews/id173661619,5.3.2,2,"Updated: 

I wanted to use this new updated version so badly so i gave this another try. However, when I tried to move my files to GoodNotes 5, it only imported some of the files, not all. I had to manually check and see which have not been imported and did it myself. Not only that, the eraser on the updated version doesnâ€™t work properly. Whatâ€™s going on GoodNotes? 

 
Downloaded the 1st time: 
Iâ€™ve just updated to GoodNotes 5 so Iâ€™m still trying to figure out and feel the new layout and organization of folders etc. And will post an update review late. 

My first impression of the 5 is that the tool bar is little too big compare to the 4, I absolutely love the previous one, simple and straight forward.  However this new update I feel itâ€™s taking up a little too much screen space, and this is very important then you are working on a 10.5 or even smaller screen iPad. 

I also notice that when turning the iPad the transition from vertical to horizontal or the other way around isnâ€™t as smooth as it feels compare the 4. Hopefully they will change that.",0
4856963390,Handwriting in GoodNotes 5 not as smooth as GoodNotes 4,Leewankiu,https://itunes.apple.com/hk/reviews/id296096969,5.3.1,3,The hand writing algorithm is worse than the previous version. Strokes are sometimes straightened especially when the font size is small. Handwriting is laggy as well. The line drawing tool is really bad compared to Notability.,0
4840535691,Bug,gpacrisis,https://itunes.apple.com/hk/reviews/id1078471003,5.3.1,1,"I am using iPad 2019. When I going to edit a PowerPoint file, I found that this program cannot show a full slide. It can only real around 80% of a side. PDF file do not have this problem. Plz fix.",0
4835303954,Soooooooooo useful for teaching,cha erni,https://itunes.apple.com/hk/reviews/id792620096,5.3.1,5,"I teach the early years and Goodnotes helps me so well in keeping my lesson plans all in one place! I love that I can sync it to my phone as well so that I can look at my notes while on commute and I only have 1 free hand. This app is perfect for going paperless.

Love love LOOOOVE it!",0
4830177086,Disappointed,Doris Cheung,https://itunes.apple.com/hk/reviews/id570744112,5.3.0,1,"I cannot find the file in the iCloud Drive. Furthermore, I cannot insert some ppt file in the goodnotes 5.",0
4828927851,Problem about the update,Kennie HK,https://itunes.apple.com/hk/reviews/id918359620,5.3.0,5,I canâ€™t open this app after the latest update,0
4828352012,5.3 Keeps crashing on iOS 13,fatetakamachi,https://itunes.apple.com/hk/reviews/id47693718,5.3.0,5,"Once i updated to 5.3 for my iPad Pro, it keeps crashing and totally unusable. I do appreciate the new split screen function and dark mode but only when I can actually use the app. Please fix it ASAP.",0
4827965425,æ–¹ä¾¿å¥½ç”¨,Johnchan9941,https://itunes.apple.com/hk/reviews/id300204457,5.3.0,5,"æ–¹ä¾¿å¥½ç”¨ï¼Œ
åˆ†é–‹æ¯ä¸€æœ¬
è¨˜éŒ„",0
4776990947,wacom stylus removed,athinla,https://itunes.apple.com/hk/reviews/id675619560,5.2.3,1,only support apple pencil. previously supported wacom stylus removed. switch back to gn4,0
4770490534,Words disappear,/ï¼‰vvhedvekfbkrfbbefbrfbrgbg,https://itunes.apple.com/hk/reviews/id1073105497,5.2.2,2,"I don't know why the words i wrote will disappear suddenly!
That's is so confusing.........
And the support process is so long that i think this problem will never be solved quickly.....ğŸ˜ğŸ˜",0
4741398833,Great update,Magnitique,https://itunes.apple.com/hk/reviews/id147104282,5.2.2,5,"Overall a great update to GoodNotes 4. Especially love the vertical scrolling option. However I canâ€™t rename / name my bookmarked (favorited) pages now. Has this function been hidden somewhere?

Edited 20/1/2019: after using further for a while, I took off one star. I concur with other users that the inking does need polishing
1) there is considerable latency in inking with my Apple Pencil as compared with GoodNotes 4 and Notability 4 (now Notability has the smoothest and most responsive ink)
2) there is a bit overzealous straightening of curves. For example, if I write â€œ5â€ too quick, the bottom curve would be straightened out to 2 or 3 straight lines. I wonder if that has any relation to the longer latency for inking

Edited 7/9/2019: inking has improved considerably now, the aforementioned issues with lag and straightening issue seems to have resolved. Also theyâ€™ve added a presentation mode again. Going from 4 to 5 stars!",0
4729132687,Love 4 more than 5! Please change colour!,choochooyo,https://itunes.apple.com/hk/reviews/id138025312,5.2.1,4,"Iâ€™m a fan of Goodnotes, but I thought thereâ€™s a free upgrade, but then it led me to purchase for 5??

Most importantly, now the editing bar is in a blue colour, that looks like Iâ€™m using word a lot... could you allow us to customise the colour, or at least change it back to white please? Aesthetically important.....",0
4717932277,No Google drive auto backup,Ball fat,https://itunes.apple.com/hk/reviews/id204004919,5.2.1,1,"In GoodNotes 4, we can automatically back up our files in google drive and see it in computer. However, in GoodNotes 5 we lost this function. Plz add it back!!",0
4717776815,Delayed response when writing,StudentRen,https://itunes.apple.com/hk/reviews/id414100804,5.2.1,5,Sometimes I just canâ€™t write. Serious delaying problem that the pen mark does not follow the speed of my writing. It did not happen in version 4 before. How can it happen in an updated version instead?,0
4678081180,Great app but found one bug,So_Unhappy_,https://itunes.apple.com/hk/reviews/id383811206,5.2,5,"The app is really great for handwriting notes. However, when I want to type in some texts, I found that even if I switched the color to blue (or any other colors) before typing, the text color would automatically change back to red when typing. This is quite annoying and cost me a lot of time. Could you please fix this????????",0
4670500613,è½‰å­—é«”åŠå­—é«”é¡è‰²æœ‰å•é¡Œ,jzkzlakZbjcm,https://itunes.apple.com/hk/reviews/id661491132,5.1.7,3,è¦æ‰“å­—æœƒç”¨ã€ŒTã€ï¼Œæƒ³è½‰é¡è‰²æ™‚ï¼Œæˆæ—¥éƒ½æœƒè‡ªå‹•å†è½‰å›é»‘è‰²,0
4638904437,GoodNotes 5 review,Amazing JM,https://itunes.apple.com/hk/reviews/id156578847,5.1.7,5,"I have not use it well yet but so far I feel in notes prospective is very good and easy to use.
At present, my only comments is the options on pens!  It would be so much better if you could provide more choices e.g. pencil is very important for notes taking.
May come back for more reviews once I practice a bit more.  Thank you",0
4632134848,æ±‚åˆ†å±,zhpj,https://itunes.apple.com/hk/reviews/id350310335,5.1.7,5,Help: I hope to read pdf and take notes on the same page!,0
4620892333,Best app for university students,iOsuka,https://itunes.apple.com/hk/reviews/id160162589,5.1.7,5,Perfect for organising your notes,0
4613327722,æœ‰Bug,12345678qwertyui,https://itunes.apple.com/hk/reviews/id107094664,5.1.7,1,ç·¨è¼¯å¾Œ è½‰PDF file ç”¨Email send é‚„æœƒè¦‹åˆ° ç·¨è¼¯å‰çš„å…§å®¹ã€‚,0
4612591453,Please allow us to import several documents at the same time,tswwwww,https://itunes.apple.com/hk/reviews/id884625568,5.1.6,2,"It is a very good app for students to study. However, it is extremely inconvenient for us to import documents one by one each time. I really hope that a function can be added, such that we can import several documents at one time. Thanks for reading this and I hope you can take my opinion into consideration.",0
4566543321,Good,j1234ng,https://itunes.apple.com/hk/reviews/id482855236,5.1.5,5,Good,0
4537519480,No multiple documents,hibyetoday,https://itunes.apple.com/hk/reviews/id789751627,5.1.5,1,"No multiple documents can be imported directly. We need to import all documents one by one instead of importing as a bundle of documents. Goodnotes 4 is far more better than this version. Please refund.

There is a bug. Please fix it. While importing, I dragged and dropped a pdf file and then clicked the cancel at the upper right corner. The file was then put into the folder. When I did the same thing again for another file, the original folder was suddenly emptied. I then clicked another cloud. The same folder was shown with nothing. This is weird. This meant the original folder was hanging and frozen in the same spot.

I finally figured out there was a way to import multiple documents at the same time but it turned out that if I imported more than 5 pdfs at the same time, only few of them were imported. In my case, I imported 16 pdfs. But only 4 pdfs were imported. If I lowered the number of pdfs imported, for example, 6 pdfs, 4 of them were imported and two pdfs couldnâ€™t be imported. The middle two pdfs were missing and I needed to do the importing those 2 missing pdfs again.",0
4473375564,Cannot link with the adonit pen,KLeung @ Herbertson,https://itunes.apple.com/hk/reviews/id286471069,5.1.4,1,"How come. There is no reason that it can link with GoodNotes 4, but cannot link with goodnotes 5

Whatâ€™s happened ?",0
4452831601,Inserting images from Dropbox fails almost daily,GGGaryDDD,https://itunes.apple.com/hk/reviews/id285623353,5.1.4,3,"Generally a great app, but when I try to insert images from my Dropbox, 10% of the time it fails and I need to restart the app.",0
4447144847,Bravo,YannLinjiann,https://itunes.apple.com/hk/reviews/id393561263,5.1.4,5,"Je suis trÃ¨s content avec cet App. Parce quâ€™en utilisant un Pdf scannÃ©, quand je tire un trait sous une ligne de texte, il se trouve une propre position entre les lignes. Câ€™est plus intelligent que les autres du mÃªme genre.

Le surligneur est aussi rÃ©aliste.",0
4427040859,Synchronising problem,AAAJJJHHH,https://itunes.apple.com/hk/reviews/id482555413,5.1.4,1,"I have enjoyed using goodnotes 4 for the past year. I converted to goodnotes 5 for the spotline function, which is very helpful. However, there are some problems that I would like to address.

1. Synchronising. For some reason, my goodnotes 5 would NOT synchronise across devices. This caused me A LOT of trouble. 

2. Ruler function missing. 

3. Font size. Having to press another button to be able to change the size. 

Please can we have an update soon??",0
4353594620,ç‚ºä½•ä¸èƒ½æ’å…¥è¡¨æ ¼å‘¢ï¼Ÿ,joycehochannel,https://itunes.apple.com/hk/reviews/id993335332,5.1.3,3,æ’å…¥è¡¨æ ¼é‚£éº¼æ–¹ä¾¿å°±åƒExcelä¸€æ¨£ä¸éœ€è¦è‡ªå·±ç•«å¤§å°ï¼Œç›´æ¥è¨­å®šæƒ³è¦è¦æ ¼,0
4348597934,Download problem,auntauntsa,https://itunes.apple.com/hk/reviews/id978928357,5.1.2,2,"Paid for Goodnote5, but couldnâ€™t download it and yet to use.",0
4343773533,å»ºè­°å†æ·»åŠ ç­†é¡å‹,GoeeAnnie,https://itunes.apple.com/hk/reviews/id123465716,5.1.1,4,æ„Ÿè¦ºä¸Šç¾åœ¨ç”¨é‹¼ç­†å’ŒåŸå­ç­†æ‰€å¯«å‡ºä¾†çš„å­—æ•ˆæœåˆ†åˆ¥ä¸æ˜¯å“ªéº¼é¡¯è‘—ä¸åŒï¼Œå¸Œæœ›èƒ½æ”¹é€²ï¼Œæ­¤å¤–æœƒå¦è€ƒæ…®åŠ åŸ‹é‰›ç­†âœï¸æ•ˆæœï¼Ÿ,0
4336715509,Fans of GoodNotes 4,kkng29,https://itunes.apple.com/hk/reviews/id250964130,5.1.1,3,"I can hardly use goodnotes 5 because I cannot download multiple files from the google drive in one time, I have to click one file and download one file each time, it is time wasting. Hope the developer can fix this soon.",0
4334591253,Good app,Pariscpy,https://itunes.apple.com/hk/reviews/id386631525,5.1.1,4,It lacks file locking function. Please add it to the app!,0
4328857321,å¾ˆä¸éŒ¯,é¦®å¸«å¥¶æ¡ƒå­,https://itunes.apple.com/hk/reviews/id111725663,5.1.1,2,"é€™appå¾ˆä¸éŒ¯ï¼Œå¯æ˜¯æ„Ÿè¦ºæ²’goodnote4å¥½ç”¨ï¼Œæ–‡ä»¶æ”¾æœƒå½ˆapp,é‚„æœ›è·Ÿé€²",0
4295091045,Unbearable lag,Rubes2013,https://itunes.apple.com/hk/reviews/id312059480,5.1.1,3,Love the new features but the lag with both the pen and eraser is unbearable. Will be switching back to Goodnotes 4 until the problem is fixed.,0
4292255630,Recording,toodark.j,https://itunes.apple.com/hk/reviews/id199225991,5.1.1,2,"I donâ€™t even need you to record in-app, please at least let me import the recording by the Voice memos app.",0
4273420280,Not worth the upgrade,Byrnes victim,https://itunes.apple.com/hk/reviews/id44072887,5.1.1,1,"Got charged for he upgrade from GoodNotes 4 even though was advertised as free, canâ€™t backup to Dropbox automatically anymore. Not worth it in my opinion",0
4263576119,Backup,H.WS,https://itunes.apple.com/hk/reviews/id1029919072,5.1.1,4,"PLEASE add back the auto backup function that we can select WHICH cloud storage we want to use. Not all my devices are from Apple, so now I canâ€™t download and view the document anytime on my other devices. I love the improvement on adjusting font size and etc, but the new backup function that is limited to iCloud is really disappointing.",0
4255625830,Undo Gesture,ã„ãŠã€œ,https://itunes.apple.com/hk/reviews/id151752793,5.1.1,5,"I love U!!!! For adding the two fingers gesture for undo.. I am addicted to this gesture since I used Procreate!! But can You change the gesture to tapping two fingers ONCE to undo? Chinese writing got so may strokes, I have to tap so many time for deleting one single Chinese character",0
4231071938,Good but can be better,ho_steve,https://itunes.apple.com/hk/reviews/id219120727,5.1.1,4,"Compare to notability, GoodNotes has a more beautiful UI 
However, I think sound record function could be added into it
Also, the annotation option are too less, for example formal rectangle shape, arrow head line, dotted line, etc. it will be save much time, if there are some line type and annotation template is added.
I will be waiting for the update",0
4216767147,ğŸ’¢The GoodNotes 5 is actually similar to a BETA VersionğŸ’¢,Norman_Lam,https://itunes.apple.com/hk/reviews/id148367863,5.1,3,"I have been using the GoodNotes 4 for a while, it was good although it needed some improvements.
I keep on getting nightmares once I switched to GoodNotes 5.
Many things are actually not ready on the Version 5.

The reason I switch to Version 5 is due to I need the search function which is better than version 4 honestly speaking.

So regret why they launched the unready Version.

ğŸ“ŒBy the way, the new users supposed not be charged for this BETA Version as they are only the testers.",0
4216405511,Very useful,Thesaipie,https://itunes.apple.com/hk/reviews/id241282176,5.1,5,ğŸ‘ğŸ½,0
4216189533,There is a problem that I hope to be optimized,Johnsiipad,https://itunes.apple.com/hk/reviews/id952519543,5.1,4,"When I erase content in the A4 template, it is not smooth",0
4193748860,Good app but some improvements needed,lww37,https://itunes.apple.com/hk/reviews/id925515799,5.1,3,"Generally is a very nice notes taking app. Recently switched to this app from notability. Some problem noticed in goodnotes5 :
1. Cant change the page template for all pages in one action. 
2. Cant print without page backgrounds (which is an option when exporting notes but not in printing)
 Hope the GoodNotes team can fix these.",0
4181816460,Support other bluetooth pen,314159265...,https://itunes.apple.com/hk/reviews/id478521339,5.1,1,would it suppport adonit pen againï¼Ÿ,0
4179236692,Perfect Note Taking App,JackyWai,https://itunes.apple.com/hk/reviews/id179197326,5.1,5,"I was frustrated when they released the first version Goodnote5, as a lot of feature in the old version was removed. especially the undo button at the enlarged writing windows which I used a lot. However, they keep improving the app, they bring back a new gesture for undoing the action. It is amazing, the new gesture even much better than the old design. i love it very much.",0
4174345764,Great note app,Black_Hole_Physicists,https://itunes.apple.com/hk/reviews/id510449283,5.1,5,"I am a UG student majoring in physics and math thus I need to write notes everywhere. This app helps me a lot. But I am greedy, if this app can support latex, it would be better XD.

All in all, great app of jotting notes.",0
4157965845,It would be great to have smoother inking experience.,karcerkk,https://itunes.apple.com/hk/reviews/id467319286,5.0.32,3,"The app is great. It has great page management tool, beautiful templates, but sadly poor inking performance compared with Notability. Stroke are often â€œflattenâ€ when writing something slim and straight, like the number â€œ1â€ and letter â€œlâ€. The handwriting look extremely thin and never been processed with the pressure sensor. This problem appears in both GoodNotes 4 & 5.",0
4140140227,ç­†è§¸æ²’æœ‰å¾ˆå¥½,å¤§å¤§å¤§å¤§å·«,https://itunes.apple.com/hk/reviews/id861554465,5.0.32,4,"Ipadå…§ç½®çš„å‚™å¿˜éŒ„ç­†è§¸çœŸå¯¦æ„Ÿé‚„æ¯”ä½ å€‘çš„å¥½Â·Â·Â·
å…¶ä»–çš„é‚„ä¸éŒ¯",0
4134297232,Dotted line,imoneong,https://itunes.apple.com/hk/reviews/id1006478190,5.0.32,5,Dotted line would be a nice feature to be added into the shape tool.,0
4131243717,There is the problem problem when I drop the note,Kenneth Got,https://itunes.apple.com/hk/reviews/id901313812,5.0.32,4,"I have a pdf file more that 10 pages, but I found it that after I used the â€œclear this pageâ€ bottom, I canâ€™t scroll the pdf file any more, just freeze the page where I press the â€œclear this pageâ€ bottom, is that normal or a bug?",0
4127747995,Goodnotes 4 > Goodnotes 5,Kyle Perry,https://itunes.apple.com/hk/reviews/id158349717,5.0.32,1,Give us back the ruler function of GoodNotes 4 which lock the pen go draw straight lines and full circles. The removal of this function make Goodnotes 5 a setback more than an improvement.,0
4122789617,"Very friendly UX, nut one comment...",Gillie_HK,https://itunes.apple.com/hk/reviews/id552026659,5.0.31,5,"Very friendly UX, one comment: it s even better if the scroll direction can be set separately for each of the documents",0
4113118165,"Pretty good as of now, but can do better",H/Aech,https://itunes.apple.com/hk/reviews/id409080272,5.0.31,4,"1. In vertical mode, page width are not scaled to uniform and fix to width with double tapping doesnâ€™t scale well

2. Import pdf page as floating objects(like an image)

As a workaround, I have been converting pages into png and remove background using a siri shortcut which works, but made the page into a rester image and also drags down the performance of the app.",0
4110251653,å¥½å¥½ç”¨,æ­æ´²äººå””è­˜è‹±æ–‡,https://itunes.apple.com/hk/reviews/id495576926,5.0.30,5,â˜…â˜…â˜…â˜…â˜…,0
4104521102,Nice,tony tang hk,https://itunes.apple.com/hk/reviews/id1014284187,5.0.30,5,Fast note all the best,0
4099244656,GoodNotes batch import is unfriendly,tlkoo,https://itunes.apple.com/hk/reviews/id675931189,5.0.31,1,"When I want to import documents and PDF from clod, e.g. google drive, one drive. I need to import them one by one. In GoodNotes4 there was a function to select a file and import or even select all files. But it does not support batch import anymore in GoodNotes5, making it hard to use. Hope u can fix it",0
4092392548,Not capable with my Wacom Bamboo?,PatrickL111,https://itunes.apple.com/hk/reviews/id413213628,5.0.30,1,I used GoodNotes 4 and upgraded to GoodNotes 5. Iâ€™ve found that the apple pen is the only options for GN5 and my Wacom Bamboo became useless. How can I fix it?,0
4081457915,The words will disappear,kahei1118,https://itunes.apple.com/hk/reviews/id763250286,5.0.30,1,"If you copy the powerpoint and paste on this app, you need to be careful that the word will be disappear when the slide have too many words.",0
4080114098,å¸Œæœ›å¯ä»¥èˆ‡å…¶å®ƒappsç›¸é—œè¯åœ¨å…¶å®ƒappsä¸­é–‹å•“,Horsin,https://itunes.apple.com/hk/reviews/id547865645,5.0.30,5,å¸Œæœ›èƒ½åœ¨å…¶å®ƒapps ä¸­é–‹å•“,0
4077005040,éå¸¸æµæš¢çš„ä¸€å€‹ç­†è¨˜Apps,è¢«äººç”¨äº†åå­—çš„å†°é›ªå§¬,https://itunes.apple.com/hk/reviews/id398054221,5.0.30,5,"å‰›å‰›è²·äº†iPad Proæ©Ÿç·£å·§é‡ç•¶ä¸­æ‰¾åˆ°äº†é€™å€‹Apps
å•éæœ‹å‹å¾Œ é¦¬ä¸Šä»˜è²»ä¸‹è¼‰ç”¨äº†å…©ä¸‰å¤©å¾Œè¦ºå¾—æ¯”Surface pro 4 ä½¿ç”¨one note æ›´åŠ æ–¹ä¾¿
æ›´åŠ å¯ä»¥ç›´æ¥åœ¨PDFä¸Šå¢åŠ è¨»è§£ ä¸€å€‹éå¸¸å¯¦ç”¨åŠå…¨é¢çš„Apps",0
4062519321,good app,bossjason1998,https://itunes.apple.com/hk/reviews/id666503847,5.0.30,5,å¾ˆå¥½ç”¨ğŸ¤¤,0
4046450038,A nice hand write notebook,tckyeung,https://itunes.apple.com/hk/reviews/id140972959,5.0.29,5,"Using with Apple Pencil, this app may replace the physical notebook. It express my expectation.",0
4044261799,Great,jellyinun,https://itunes.apple.com/hk/reviews/id490679114,5.0.29,5,A very useful app but It would be great if i could view the favourite pages of the document in one go,0
4042503579,Very nice to use. Essential for students or business users.,Another dissapointed Fb user,https://itunes.apple.com/hk/reviews/id165419019,5.0.29,4,Would be better if hyperlink option is added.,0
4040682641,å»ºè®®æ·»åŠ ç±»ä¼¼äºpptçš„ä¾§è¾¹ç›®å½•,Kevin Ğ”Ğ¸Ğ¼Ğ°,https://itunes.apple.com/hk/reviews/id225224652,5.0.29,4,å»ºè®®æ·»åŠ ç±»ä¼¼pptçš„ä¾§è¾¹ç›®å½•ã€‚ç°åœ¨çš„ç›®å½•çš„è®¾è®¡ä¸å¾ˆæ–¹ä¾¿ï¼Œä¸èƒ½å¿«é€Ÿåœ°åœ¨é¡µé¢ä¹‹é—´æŸ¥é˜…ã€‚,0
4035300131,NOTABILITY IS BETTER MISSING WHEN COPYING,gjhgjyfyguj,https://itunes.apple.com/hk/reviews/id524955556,5.0.29,1,"AFTER 12 UPDATE STILL VERY LAG
TOTALLY WASTE TIME",0
4034692770,copy and paste,MrJason822,https://itunes.apple.com/hk/reviews/id259212299,5.0.29,5,I think it will be fantastic if the function COPY&PASTE of a selection can be added in next update version.,0
4022208507,Glitch,yiikiol,https://itunes.apple.com/hk/reviews/id571547735,5.0.29,3,Thereâ€™s always a glitch that some of the tools wonâ€™t work.....,0
4016592521,Position of tools,Petercola0,https://itunes.apple.com/hk/reviews/id175667520,5.0.29,4,"It will be good if some writing related tools (eg. pen,rubber,text color, undo, etc) can be accessed on the header of the magnifying window. Then it saves the travel of the pencil from the bottom of the screen (where magnifying window usually sits) to the top of the screen. The travel annoys, why not the tools sit in proximity of the writing pencil !",0
4014313800,Stop using the stupid iCloud as the only import method.,Shxtty Icloud,https://itunes.apple.com/hk/reviews/id285632023,5.0.29,1,iCloud is only used for leaking your personal information. How about using the international software like google drive or OneDrive.,0
4014304193,Why can't I use other cloud drive?,FoonChan,https://itunes.apple.com/hk/reviews/id372476567,5.0.29,1,I could use OneDrive in Goodnotes 4:(,0
4009808477,tons of bugs,Drbull,https://itunes.apple.com/hk/reviews/id150941043,5.0.29,2,"when I am typing by using keyboards, the last word always shift to next line, even i only type 2 words... pls check",0
4001204806,Serious bug when exporting pdfs,sharonhiulam,https://itunes.apple.com/hk/reviews/id476275113,5.0.29,2,"When exporting annotated pdfs (with highlighting and handwritten annotation), all annotations rotate anti-clockwise! This is so weird and ridiculous",0
4000634471,Very poor update version,Forrest263133,https://itunes.apple.com/hk/reviews/id507207744,5.0.29,1,Better switch to Notability,0
3996372564,Typing function,nanasdsu,https://itunes.apple.com/hk/reviews/id239728937,5.0.28,4,I wish I could choose the style of the font when using the typing tool. Using typing to add note in GoodNotes 5 is way too boring.,0
3993397954,"With difficulties to import pictures, photos and pdf files",fiontms,https://itunes.apple.com/hk/reviews/id684801018,5.0.28,3,Alway have difficulties in connecting with google drive to download or import files or photos to GoodNote even though the WiFi connection is strong enough. Disappointed.,0
3991288760,Please add the voice record function,Kennn77,https://itunes.apple.com/hk/reviews/id492547032,5.0.28,3,Please add the voice record function,0
3981335653,Drawing and notes disappears,Superkennnnnnn,https://itunes.apple.com/hk/reviews/id190154875,5.0.28,1,"Some part of drawing ,wordings and notes disappeared by unknown reason when I open my file for study. It is unacceptable for a notes taking apps having this problem. I am angry to loss my notes before my exam.",0
3965475892,Want features from GN4,king11111474653737,https://itunes.apple.com/hk/reviews/id245646335,5.0.27,5,"I want the following features back
1. Auto backing up to google drive instead of iCloud
2. The presentation output after connect the hdmi dock",0
3958907606,"Mostly good, but have some glitches on the iPhone version",LightLamp123Google,https://itunes.apple.com/hk/reviews/id378538788,5.0.23,3,"I enjoyed using this app on my iPad very much as it is convenient. However, I cannot change the color of the words if I were to type them. It is becoming a nuisance since I am adding remarks to a document, and I need to use different colors. Hope it can be fixed soon. Another suggestion is I hope that the size of the eraser can be adjusted just as the size of the pen.",0
3956393244,Sync with other drive,tamkoalex,https://itunes.apple.com/hk/reviews/id818450601,5.0.26,4,"Due to security reason, my company block the iCloud Drive. It would be great if goodnotes also can sync with other drive",0
3950626132,Good. And I would give a five star if there is voice recording function,Kane Lai,https://itunes.apple.com/hk/reviews/id42178031,5.0.25,4,As titled,0
3945553066,Look up function,Ken15987,https://itunes.apple.com/hk/reviews/id507881721,5.0.25,5,"Goodnotes4 can provide look up dictionary function when I highlight the word, but GoodNotes 5 cannot and zoom in only",0
3935064759,Good,cwfung333,https://itunes.apple.com/hk/reviews/id978916924,5.0.25,4,"Good to use , have a lot of function. But it can add a scroller would be better.",0
3928432679,Suggestion: Continuous Horizontal Scrolling,Hinata Seiken,https://itunes.apple.com/hk/reviews/id403167311,5.0.24,4,"Magnificent note taking app overall. Personally prefer GoodNotes to Notability and OneNote. Keep it up!

Features that I am looking forward to:
1. Voice Memo like Notability
2. Split view side by side where you can edit two notes simultaneously 
3. Horizontal continuous scroll: I enjoy the vertical continuous scroll but as I always work on my iPad in landscape, it would be a life saver to have this function such that I can view multiple pages at once!",1
3927787001,Stop asking me for cloud,187573054itsousless,https://itunes.apple.com/hk/reviews/id683294951,5.0.24,2,I am not using apple cloud. It just canâ€™t stop popping out window for that ......... it make me canâ€™t doing any note ..... why apple user have to have cloud lol fix it pls .... these make me really wanna refund .,0
3925546139,Problem in downloading goodnotes 5,yupang1689,https://itunes.apple.com/hk/reviews/id958812102,5.0.24,3,I got a problem that I canâ€™t download/upgrade GoodNotes 5 while goodnotes 4 has been renewed. There is no button in App Store to download goodnotes 5.,0
3924126520,Something to be improved,why should i have a nick name,https://itunes.apple.com/hk/reviews/id971052816,5.0.24,3,I have to import files one by one instead of making a multi-choice from the google drive. This is a huge regress from GN4,0
3923947980,Backup issue,YumYumCusine,https://itunes.apple.com/hk/reviews/id900150157,5.0.24,1,It canâ€™t backup data to OneDrive automatically. When will the function come back?,0
3919497702,Suddenly missing all the notes i wrote!!!,tuntunpig,https://itunes.apple.com/hk/reviews/id188836045,5.0.19,2,"I used goodnotes5 on my iPad Pro 2018 and found so many times what i have written is suddenly disappear!!!!! Those are very important information i previously i jot down during the class!!!
Also i cannot change the color of text box all the time.",0
3919252470,App closing unexpectedly,V0713,https://itunes.apple.com/hk/reviews/id194470900,5.0.23,4,"I have been using the app for taking notes in my lesson. Currently, i have been experiencing an issue that when i take picture to add a new page on my document, your app closes by itself and takes quite a long time for me to reopen the app. If possible, could you fix this problemï¼Ÿ This really helps a lot. Thanksï¼",0
3910845090,Feature needed,Freedom64,https://itunes.apple.com/hk/reviews/id182720328,5.0.23,4,Please add feature for image caption for search,0
3906209428,Buggy!,Alextanght,https://itunes.apple.com/hk/reviews/id136387124,5.0.23,1,"When my notebook get bigger, it start cannot reorder pages in a notebook.",0
3903774268,Good,Anneliesesa,https://itunes.apple.com/hk/reviews/id534604880,5.0.22,5,Better than expectations,0
3890967405,Grest app. Still have some bug...,Bv_Joey,https://itunes.apple.com/hk/reviews/id155283211,5.0.20,5,"I love the GN5, itâ€™s a great improvement from GN4. And I will continue to use it as my primary note-taking app. 

Still have bugs...
One very annoying bug I found is whenever I zoom in the page and want to write with larger view. The app got stuck there, sometimes just stuck or sometime with delay before it responds. So please fix it so that itâ€™s become an even better tool! Thanks.",0
3887210562,Good but the screen refresh rate is a bit low.,Kaiwai Lo,https://itunes.apple.com/hk/reviews/id338967747,5.0.21,4,"Especially when I scroll the page vertically, the screen refresh rate is too low. I hope it can be 120Hz. Thanks!",0
3874110123,Disappointed with Goodnotes5,Kanbade,https://itunes.apple.com/hk/reviews/id153517251,5.0.20,2,"I have been using Goodnotes4 for 2 years mainly for class notes taking.  Goodnotes4 is good in term of user friendly and responsiveness.  I have recommended my classmates to use Goodnotes4.  However, I just don't understand why all the little changes in Goodnotes5 are not improving user friendliness but rather destroying it!  For example, I can change the size of an added text after choosing edit previously, but now have to click one more icon to change and yet need to ""select"" the text in the text box to change it!  After trying a few times using Goodnotes5, I really don't quite feel its improvement but rather disappointed with it.  I will stick to Goodnotes4 or use other apps if the developer no longer maintain it in the future.",0
3869366931,Improvement,.kdjsje,https://itunes.apple.com/hk/reviews/id675909467,5.0.20,4,"It takes a long time to upload something on it, quite annoying.ğŸ˜¤",0
3867653174,Stability still need to be improved,Nikcojeanian Chup,https://itunes.apple.com/hk/reviews/id43322600,5.0.20,5,"I am a heavy user of this app, and relying on it every day in works and study. Version 4 has done my demand perfectly, but version 5 has some annoying problems as follow: 

1) Writing becomes laggy when used for 1 - 2 hours. Same thing never happen in version 4. The probably due to some memory leaks or resource leaks. Reopen the app can fix the problem, but annoying
2) Occasionally, the writing or erasing effective for a second but somehow undo itself. This is another annoying bug as I have to rewrite the same thing again, and pretty bad when I was trying to capture note in classes. Such a disturb draws my attention out from the class, and impacts my learning actually. 
3) I think this is same issue as #2, but has more disturbs so that i have to split it out. the issue is the erase operation seems to be effective for more than a minute, but somehow it reminded occasionally, although this is quite rare (around once a week for 4 hours a day usage), it is super annoying, as i have erase the writing, and already written new content on it. A minute later, when the erased content reappear, it overlapped with my new content. I cannot do anything on this, as redo doesnâ€™t help, and i have no way to erase the old content, but only erasing both new and old altogether. 
4) I am not sure this is GoodNotes 5 problem itself, but I havenâ€™t experienced this with version 4.  It is somehow after long hours usage of version 5, may be 3-4 hours, the whole iOS occasionally has touch unresponsive issue. Even restarted the app, the issue persists. Only workaround is to restart the whole iPad. This could be iOS issue, but to me it is quite clear that it happens only after i switched to version 5. 

Now I cannot get rid of Version 5, since my new contents all saved in version 5 and has no way to move back to version 4. (Please enable this feature if possible). 

Please help to fix these issues, as version 4 is a really good app. I wish i can stick with version 5. 

My devices is iPad Pro 2018 12.9 inch with Apple Pencil 2.",0
3867577127,Good application but a little cluttered.,Sarah95Rich,https://itunes.apple.com/hk/reviews/id29844094,5.0.20,5,"I am a phd student and I use this application to take notes.

I went with this app over Notability for the interface and the general quality of handwriting recognition when going paperless. The folders and organisation system is also very good, and I like that you can change the type of paper for every individual page and write directly onto PDFs.

However it still seems like this can be buggy at times, and I think that there needs to be the option of a smaller more condensed toolbar alongside this one. It doesnâ€™t feel completely optimised for the new iPad Pro. Regardless, this app is a lifesaver and the best out there. Hopefully gives the option of voice recording soon additionally.",5
3851946752,Not as good as GoodNotes 4,Cojjjjjj,https://itunes.apple.com/hk/reviews/id808497641,5.0.19,3,"I canâ€™t reorder the pages after update to the new version. It force me to add page to the first page or the last page.
Also, it always fail while copying pages.",0
3851239905,å»ºè­°,jeff3546633677,https://itunes.apple.com/hk/reviews/id597569127,5.0.19,4,"1. å¯ä»¥æ–°å¢åˆ†å±åŠŸèƒ½ï¼Œä»¤ç”¨å®¶å¯ä»¥åŒæ™‚ç€è¦½å…©ä»½æ–‡ä»¶ï¼Œä¸¦ç·¨è¼¯å…¶ä¸­ä¸€ä»½æ–‡ä»¶ã€‚

2. å¯ä»¥é©ç•¶æ¸›å°‘appé ‚éƒ¨æ“ä½œéƒ¨åˆ†æ‰€ä½”çš„å±å¹•ç©ºé–“ï¼Œä»¥ä¾¿é¡¯ç¤ºæ›´å¤šæ–‡ä»¶å…§å®¹ã€‚",0
3844472317,still little buggy,shjtmfjgnhjhj,https://itunes.apple.com/hk/reviews/id622705407,5.0.18,4,"it has gone through 3 /4 updates , so i figure i should give a comment for the app
It is a nice app first of all but it has some moment when try to use the magic wand to move objects , it will disappear until u relaunch the app which is very frustrating when u are focusing on work. 
Another problem lies on the printing function: handwritings on the print is clear , but for some reason the pictures added on the  page will be double / blurry when its printed on paper",0
3840493460,Google drive connection needed,XxcfcxX,https://itunes.apple.com/hk/reviews/id628320263,5.0.18,3,I stronly urge to add the backup function in the next versiom as soon as possibleï¼,0
3839979527,è«åå…¶å¦™å¡ä½,Max kf,https://itunes.apple.com/hk/reviews/id404561204,5.0.18,1,å†™ç€å†™å°±å¡ä½äº† ä¼šè‡ªåŠ¨ç”»ç›´çº¿ çœŸçš„åƒåœ¾,0
3837542503,Reaction time is delayed compared to version 4,np2caustinkwok,https://itunes.apple.com/hk/reviews/id154976953,5.0.17,4,"I have used GoodNotes 4 for 5 years. I am glad to witness the growth of GoodNotes. However, I donâ€™t if there is something to do with my IPAD Pro. The reaction time of GoodNotes 5 disappointed me compared to 4 under for a same PDF. Therefore, I step back to 4.",0
3811502111,Need better backup solution,Chubify,https://itunes.apple.com/hk/reviews/id397024652,5.0.15,4,"iCloud is good but not enough.
Desperately need backup on Onedrive/Gdrive like Goodnote4 did.",0
3811229362,A very great app,ç§¾æœ¨,https://itunes.apple.com/hk/reviews/id534046759,5.0.15,5,GoodNotes is good but something can be done to improve. There are delay when using the eraser and it would be great if users can view two pages at the same time.,0
3802528513,Donâ€™t buy this if you want vertical scrolling.,Merlinrising,https://itunes.apple.com/hk/reviews/id197252823,5.0.13,2,"It has the potential to be the best app, but the clutter in the tool bar, the steel blue color tool bar header that cannot be changed to white and therefore be less obstructive, and the inability to get rid of it means its there as a distraction. You can move it to the top or the bottom but they need to have the option to click it out of the way to allow for an undistracted writing option with just the page in view. It also needs vertical continuous scrolling. Its been asked for by so many users so many times but they still ignore it.",0
3800421877,Not really good,Hada.T,https://itunes.apple.com/hk/reviews/id171252717,5.0.14,5,Without single page export really not good,0
3799839564,Please allow Siri to read pdf fileâ€™s content!,AQie1919,https://itunes.apple.com/hk/reviews/id586866846,5.0.14,5,"When I select the text from a pdf that I inserted in GoodNotes, I canâ€™t make the system to read it for me, and that really annoying.",0
3795211222,Where is the pencilï¼Ÿ,yuenlook,https://itunes.apple.com/hk/reviews/id981560078,5.0.12,4,"a pencil is necessary for notes, please build one.",0
3792131682,The pointer is missing,Maths-ps,https://itunes.apple.com/hk/reviews/id655757334,5.0.13,4,"Thereâ€™s a pointer icon in Goodnote4, however, it is missing in GoodNotes 5. Whatâ€™s a pity!",0
3784831048,Where's the automatic backup feature?,Nick name is no,https://itunes.apple.com/hk/reviews/id117630755,5.0.12,3,"Free updates is good. But I don't wait manual backup.
Also, I hope can use other cloud space for sync. Every cloud need to pay mo fee is expensive...
If if if if if, can sync with some Q and some S NAS is perfect. I with pay the syncing Kit on NAS.",0
3784154207,Error,ASDASDADASDASDASD,https://itunes.apple.com/hk/reviews/id968663154,5.0.12,5,"When I convert my work to PDF and send to my email, some picture inside my work disappear! I donâ€™t know why!",0
3783425454,Worse than goodnotes 4,Klivanleung,https://itunes.apple.com/hk/reviews/id401609043,5.0.12,1,The backup function is extremely deficient compared to the old edition. Still looking forward to prompt improvement.,0
3782804216,Adding description to flap,)(54;56,https://itunes.apple.com/hk/reviews/id200212838,5.0.12,3,"In the version 4 , flap as well as description to that flap can be added to selected pages to facilitate me to locate the page of a file that contain the material I need to refer later on. But that function is not included in version 5.",0
3781179777,Slow slow slow,BIGGGL,https://itunes.apple.com/hk/reviews/id929607824,5.0.12,2,"Very slow when turning pages and zooming, especially when pdf is attached. Unacceptable.",0
3776415421,Too dad,sdfnmfhgugk,https://itunes.apple.com/hk/reviews/id49773136,5.0.12,2,Too bad,0
3772767032,Hope for quick switch between tabs,æ‰‹ç„¶,https://itunes.apple.com/hk/reviews/id470865684,5.0.12,4,The new layout is more modern and cooler but still have to tap between tabs. Which to have three fingers swipe for quick switch. That'll help a lot.,0
3768422206,Terrible apps,Alison Choy,https://itunes.apple.com/hk/reviews/id158345189,5.0.11,1,"The new version always shut down suddenly. The colour of the pen canâ€™t be changed all the time. I have to shut down everything and restart it again. When I have two text boxes on the same page, the apps will shut down automatically. Very poor and unacceptable performance.",0
3765968695,Donâ€™t buy this version it is suck,îŠî„,https://itunes.apple.com/hk/reviews/id137060654,5.0.8,1,"1) lose the printing page option, you only can print the current one page or the whole document

2)text option is stupid , you need to choose the font size and style every time , it is time waste , what improvement you did will kill your app

3) ugly platform design, I prefer the old one , much more clear and smart. The design now is hard to look for your document and looks like a window app",0
3765106294,Tool bar bug,Diuneiah,https://itunes.apple.com/hk/reviews/id409900275,5.0.10,2,Tool bar bug,0
3760253707,macos app,Kenta Ng,https://itunes.apple.com/hk/reviews/id315573432,5.0.10,5,when the macos app ready?? it is important when large amount files need to import,0
3758396409,No auto-backup to google drive,wcm373,https://itunes.apple.com/hk/reviews/id960746306,5.0.9,1,Very disappointed,0
3755946517,Bug still not fixed...... from Goodnotes 4 to now,vicnentyin,https://itunes.apple.com/hk/reviews/id976752800,5.0.8,4,"If you are importing a 16:9 powerpoint on Goodnotes 5, the right side of the document will be trimmed. Still not fixed.",0
3750269404,It would be great if it has split view support,patrick2018,https://itunes.apple.com/hk/reviews/id236205590,5.0.8,5,"The search function is useful, the writing experience also great. It would be great if it has split view support in the future",0
3745551382,Almost perfect,Louis92ed,https://itunes.apple.com/hk/reviews/id103008123,5.0.8,4,Almost perfect if it has two page view.,0
3744261969,Question about transferring notes,Kelly law1117,https://itunes.apple.com/hk/reviews/id261505572,5.0.8,2,"Apparently i cant trasfer notes from goodnotes 5 to goodnotes 4, it does have the option to let me share it, however, nothing is showing up, can you please fix this problemğŸ™ğŸ»
Also, I was using pen size 1.3 in goodnotes 4, but i cant find any similar size in goodnotes 5, can u please tell me what is the corresponding size of 1.3 in goodnotes 5 please",0
3742526321,Great app,sumomoinhk,https://itunes.apple.com/hk/reviews/id482131780,5.0.8,5,Easy to note and organise.,0
3741941499,Crash when opening notes,user10997107,https://itunes.apple.com/hk/reviews/id767342489,5.0.8,1,Some of the notes in GoodNotes 5 cannot open properly.,0
3740708154,Toolbar is too big,dearchriswong,https://itunes.apple.com/hk/reviews/id474744153,5.0.8,3,"The documents take more times to load and show up compared with the Goodnotes 4. Also, the toolbar of Goodnotes 5 is tooooo much! Please minimise the toolbar size as I do enjoy having a big screen to edit my documents.",0
3739522124,Great Improvements but 2 things to be improved,Clovis CWS,https://itunes.apple.com/hk/reviews/id974848863,5.0.8,4,"1. Cannot sync to iCloud even I turn out this option
2. The tool bar is too big",0
3735895083,Lag and dropout,hahatsac,https://itunes.apple.com/hk/reviews/id873085277,5.0.8,2,"Always dropout from the app, very lag after updated",0
3733580459,Apple Pencil lag,Brandon Ng,https://itunes.apple.com/hk/reviews/id172622315,5.0.7,2,Apple Pencil latency lag is higher than the last update while writing in app for a short period of time the speed of inputing writings is laggy,0
3731954647,Cannot undo â€œtrashâ€ action at pages preview,Brian.cmy,https://itunes.apple.com/hk/reviews/id973907151,5.0.7,4,"Very good app, my suggestion would be an undo option at the interface where you can manage the pages in a notebook. I accidentally pressed â€œtrashâ€ while having a few pages selected and then discover that the action cannot be undone.",0
3728752622,The eraser always lagging,Shjqiejejejd,https://itunes.apple.com/hk/reviews/id462742770,5.0.7,4,"Everything new is good, except the eraser, when I erase a word, I always need to erase it like 3more times to get completely clean, please fix it.",0
3724736859,I need pencil texture stroke,Tahm_QAQ,https://itunes.apple.com/hk/reviews/id510526138,5.0.7,5,"This is an awesome app, if it can provide the pencil texture stroke and paper texture canvas for me to take note, it will have more sense about taking notes in real sketchbook!!",0
3720053657,"A fantastic app, but still a lot to improve",Grassitect,https://itunes.apple.com/hk/reviews/id331200242,5.0.7,3,"This is the best note writing app you can find right now when comparing with notability and pdf expert. It has genes from both world: notes writing and pdf editing, but there is still room for improvement.

1. the app is still buggy. Somehow I still cannot export any of my notes to pdf or images. They are all just blank for some reasons after exporting from my ipad.

2. spread view, viewing two pages at once. A lot of books are compiled in spreads instead of pages, so it will be real nice if we can have a two pages view at the same time function. It will also be real nice if I can make notes with one page of textbook and another page of blank sheet for notes. 

3. following two pages view, it will also be real nice if we can open two documents at the same time (e.g. textbook and notebook), instead of viewing one document at the time only.

4. recording function
this will kill notability, period.

Keep it up!",0
3718402077,Still can not add the encrypted pdf,Sergio77345,https://itunes.apple.com/hk/reviews/id441055449,5.0.7,2,There is a bug which infinite loop to enter password,0
3716228430,Goodbye notability~,å¸Œæœ›å¿«dæœ‰æ›´æ–°å•¦,https://itunes.apple.com/hk/reviews/id108240761,5.0.7,4,This version is much better.,0
3715564076,Buggy,Manorius,https://itunes.apple.com/hk/reviews/id15482729,5.0.7,1,"Imported all documents from version 4 and the images are not showing up. Created documents with images and the images dissapear. 
I'm going back to version 4",0
3715216249,Folders arrangement work perfectly well!!,newyorkd,https://itunes.apple.com/hk/reviews/id210060964,5.0.7,5,Excellent ! Love it,0
3715177713,Some imperfections in Firth edition,AaronfromtheHK,https://itunes.apple.com/hk/reviews/id954890881,5.0.7,5,"2 mistakes I really donâ€™t like about GN5. So I rate 4 star.
First, writing with pen other than colour black would occur delay display problem, the writing is not smooth and sometimes mistakenly turn my word â€œstraightenâ€, example: I try to write a letter e turn to letter i. 
Second, ink thickness adjustment displayed on the right hand Conor is so annoying, I always accidentally touch the selection to coarse with my palm when I try to switching tools. 
If developers see my comment please help fix it and I will returning the 5 star back...lol",0
3713816750,Too buggy compared to gn4,Stringbeenus,https://itunes.apple.com/hk/reviews/id43861149,5.0.6,1,Too many bugs,0
3713348488,Problem,Ccjf,https://itunes.apple.com/hk/reviews/id170269171,5.0.6,1,"I just buy the app few day, after writing & I touch screen again, the app will suddenly close automatically everytime,I donâ€™t know why, can help. Thx.",0
3712142258,Bugs,é¦™æ¸¯å°æ–‡,https://itunes.apple.com/hk/reviews/id265509014,5.0.5,2,"Not as smooth as version 4.  Very hangs after switching to text attachment.  Also response too slow with the pencil.

Disappointed",0
3712009403,So much improved in v5,.Match,https://itunes.apple.com/hk/reviews/id159547051,5.0.6,5,"I love this version and it is so much better than v4. It will be even better if it provides more options in pencil + finger gestures. Like draw with pencil and erase with finger, two fingers to scroll.",0
3711314355,ä¸éŒ¯ï¼Œä½†æ˜¯å°æ–¼é–‹å•Ÿmicrosoftè¡¨ç¾ç•¥å·®,å­¸ç”Ÿé»¨,https://itunes.apple.com/hk/reviews/id971506062,5.0.5,4,é–‹pptxï¼Œdocxæ–‡ä»¶è£¡é¢åœ–å½¢æœƒç™¼ç”Ÿç§»ä½ï¼Œè¦ä¸‹è¼‰å›wordæ‰èƒ½æ­£å¸¸çœ‹ï¼Œå»ºè­°åŠ å€‹å¯ä»¥é–‹å•Ÿwordçš„åŠŸèƒ½,0
3710648637,Very nice upgrade but need improvements,Help please 123,https://itunes.apple.com/hk/reviews/id416105224,5.0.6,4,I like the upgrades. However it is extremely annoying the iPhone version kept asking for Bluetooth connection. Also there is no return button on the zoom view which is quite inconvenient for me. Split view of two notebooks would be nice as well.,0
3709007040,A lot worse than Goodnotes 4,SY Yip,https://itunes.apple.com/hk/reviews/id169949075,5.0.5,1,"Many bugs, very difficult to use, comparing to Goodnotes 4. Here are the bugs

1) very slow response. Can easily notice the delay when i use my apple pencil 2 to write. The stroke appear around 0.5 secs after i write.

2) very buggy. 4 out of 10 times when i try to use the eraser to erase my writing, after erasing the strokes, some of the strokes will immediately reappear. Have to try 2 or 3 times in order to completely remove them. Unacceptable.",0
3708425919,Very laggy,reallylaggy,https://itunes.apple.com/hk/reviews/id275772806,5.0.5,1,"1. It is good to introduce the colour palette for letting users to choose their own colour

2. The update is so laggy, writing is not as smooth as the old version, there is about 1second delay between the screen touching by Apple Pencil and the actual formation of writings. 

3. Sometimes the eraser function is bugged, writings cannot be erased effectively, lines still pop up once they are removed.

4.  The app always quit by itself unexpectedly once I use the text function, it really annoys me as it quits every time I finish my text box.

5.  The loading of notes is very slow, it often takes around 7-8 seconds to update the entire pageâ€™s writings. It is really time consuming and causes annoyance when I have to take my notes in a hurry.

Anyway it is still a good note-taking app but there is a lot of room for improvements. Hope your team can fix the â€˜laggyâ€™ issue  in time as this troubles me a lot.",0
3707596344,Good but can be better,terry123231122,https://itunes.apple.com/hk/reviews/id171772894,5.0.5,2,Multiple forced shut down,0
3707288587,I like the new upgrade but...,Samuel908377,https://itunes.apple.com/hk/reviews/id333355293,5.0.5,3,"Highlighter doesnâ€™t go straight always
And eraser bug",0
3705484652,Text box problem,Koyuenlingbee,https://itunes.apple.com/hk/reviews/id181476272,5.0.5,2,"There was no problem on create the first text box, but after first one and I wanna create the others it will jump out the app and need to open it again for next text box I want to create, worst problem of it. Hopefully can get the updates for this bug quickly.",0
3705343732,æœ‰å•é¡Œï¼ˆæ…¢ï¼‰,wailunQq,https://itunes.apple.com/hk/reviews/id233043959,5.0.5,1,å‡ç´šäº†å®Œå…¨æ…¢äº†ï¼è«‹è§£æ±º,0
3704681293,"Slow response, no adjust,ent of size font",mikechao8,https://itunes.apple.com/hk/reviews/id201426282,5.0.5,5,Poor update in general,0
3704262627,Some Functions are worse than Goodnote 4,Poly Mea student,https://itunes.apple.com/hk/reviews/id941041060,5.0.5,5,"For example, I am very disappointed about the function of writing in small screen. The screen will move back when you just slide the small screen. I hate this so-called improvement.",0
3703959271,I lost information after upgrade,Doby lee,https://itunes.apple.com/hk/reviews/id272113477,5.0.5,1,"I cannot import all my documents from good notes 4 to 5, nearly 40% of my information was lost. Please fix it ASAP. Those information are important for me!",0
3703750242,Superb improvement from GoodNotes 4,ooipijy,https://itunes.apple.com/hk/reviews/id572240482,5.0.5,5,Must upgrade!,0
3703628419,ç”¨å¾Œæ„Ÿ,è½çœ¾123,https://itunes.apple.com/hk/reviews/id123224292,5.0.5,2,ä¸€èˆ¬ä½¿ç”¨é‚„æ˜¯å¯ä»¥ï¼Œä½†æ˜¯ç¶“å¸¸è‡ªå‹•é—œé–‰,0
3702943162,Some bugs remain,hezi.Jason,https://itunes.apple.com/hk/reviews/id917999922,5.0.5,3,"To be honest,  GoodNotes 5 had improved a lot and gave me a wonderful experience in reading. However, I recently found that there are some bugs when I want to type.

So I sincerely hope that you can help me to figure this problem, thanks a lot.",0
3702867884,Crashing badly after update,Kerenfung,https://itunes.apple.com/hk/reviews/id47671433,5.0.5,3,I love the unlimited folder option. But it seems some of the old function from GoodNotes 4 are missing. I used to be able to import zip file. But not anymore in GoodNotes 5. Now itâ€™s crashing really bad after update. Please fix!!!!,0
3702581127,Poor Performance in the Presentation (mirror ) Mode,johnrawls,https://itunes.apple.com/hk/reviews/id144349725,5.0.5,3,"Version 5 operates poorly when I mirror the app to the projector.  Unlike version 4 , there is no ""laser pointer"" tool in version 5.  The screen size adjustment is very weak in version 5.  Version 4 is a much much better choice if you frequently use the app for presentation.",0
3699703408,Hope the developer can add bookmark (or outlines) editing function,Ariel19931108,https://itunes.apple.com/hk/reviews/id243038246,5.0.5,4,Good app. Looking forward to the next version.,0
3699364873,Bad update,632518946284,https://itunes.apple.com/hk/reviews/id688063072,5.0.5,1,"Always lag, break my pdf file",0
3696593750,"Cool app,but still room to improve",wangtong625,https://itunes.apple.com/hk/reviews/id159497337,5.0.5,4,"Easy to use, just like writing on a pad. There are more paper patterns for me to chose. It allows me to open two notes at the same time, one for reading, while the other for the purpose of taking notes. 
It will be better if all the notes can be sync to the clouds that the  users choose, never lock it to certain cloud only, such as Apple to iCloud, or Microsoft to OneDrive.",0
3696376283,80% update only,Dennis1208,https://itunes.apple.com/hk/reviews/id287428978,5.0.5,4,"Itâ€™s good to see some major updates to the GoodNotes given that I have been using the apps for over 3 years. Couples of improvements are requested:
1. Auto-backup to Dropbox
2. Finger to erase instead of pencil when the pencil is connected! Itâ€™s important as erasing a volume of notes taken required lots of pencil touching that will unintentionally soar the pencil tap tears and wears.

ATM the time being, I will still stick with 4 until the version has the above functionality.",0
3695498498,Love it so much,Joy huo,https://itunes.apple.com/hk/reviews/id266646643,5.0.5,5,It is so easy to use. No need to buy any physical notebooks now ğŸ¤˜ğŸ¿ğŸ¤˜ğŸ¿ğŸ¤˜ğŸ¿ğŸ¤˜ğŸ¿,0
3689104388,ç‚ºä½•æ–‡ä»¶åªèƒ½back up æ–¼iCloud. ä¸å¤ªæ–¹é‚Šå•¦,hihghlhp879,https://itunes.apple.com/hk/reviews/id245716231,5.0.3,1,ç‚ºä½•æ–‡ä»¶åªèƒ½back up æ–¼iCloud. ä¸å¤ªæ–¹é‚Šå•¦,0
3688356620,LAGGYï¼,Nu0425,https://itunes.apple.com/hk/reviews/id499482203,5.0.3,5,maaaaaaaan,0
3687323582,Goodnote,ChrisHYChan,https://itunes.apple.com/hk/reviews/id929158250,5.0.3,5,The function is better than previous version but donâ€˜t have automatic updates.,0
3687146148,Batch import supports,kyky12s,https://itunes.apple.com/hk/reviews/id238210382,5.0.3,4,Please support â€˜batch importâ€™ function,0
3685949093,Please make text function,chelseajustin,https://itunes.apple.com/hk/reviews/id318871561,5.0.3,3,"I know text is available if you press the text box button, but it's very untidy.
If it allows me to enter texts tidily like how I type things in Microsoft Word, the app would be perfect at once!",0
3685857492,New but loss the main features from 4,Ohins,https://itunes.apple.com/hk/reviews/id168345868,5.0.3,1,"New features are good, but why some of the main features of Goodnotes 4, like auto-backup to google drive and supporting other smart stylus(without Apple  Pencil), had been taken out form 5?",0
3685213555,Old version still better now,Loyal user of version 4,https://itunes.apple.com/hk/reviews/id187966587,5.0.3,3,"For example, when I add text to a PDF document I donâ€™t know where to find the function to change the font size.",0
3683561974,Google drive backup,killer dodo,https://itunes.apple.com/hk/reviews/id843365832,5.0.3,5,"Why deleted the google drive backup function ,only can use iCloud",0
3681868594,Overall good; small bugs,Benjamin The Benevolent,https://itunes.apple.com/hk/reviews/id421212233,5.0.3,4,"Overall this is good for my use case: doing homework using iPad and printing on standard sized paper. 

Small bug: if I use ruled paper, even though I selected paper size A4, it turns out to be not A4 (seen after exporting to mac pdf). THis problem disappears if I use blank A4 paper.",0
3680499089,A little bit laggy,Edward.P :),https://itunes.apple.com/hk/reviews/id463208675,5.0.3,4,Compared with the good notes 4 itâ€™s a little laggy,0
3680141204,Request one drive backup support,fxtu,https://itunes.apple.com/hk/reviews/id121564866,5.0.3,4,"I am Goodnote4 user. I love to backup all my notes using OneDrive to sync the document automatically. Now I canâ€™t find this feature in version 5 and would like to see this feature enabled before migrate to 5.

Erase cause some visual lag and flicking frequently.

 I hope to see a sorting function on my folder such that all the folder will be on top of the list rather than at the same level with the file. In other word, split the sorting algorithm, folder by folder, file by file.

Another feature request, two file open side by side!!

Good job team! Hope to see a Bug fix update soon.",0
3679844060,The app is not yet ready,karlili,https://itunes.apple.com/hk/reviews/id118667077,5.0.3,1,"Having test it for 1 day, some functions that are not working as it were in Goodnotes 4
1. Copy and pasting does not work in split screen mode and app switching mode. So when I try to copy a bunch of text from another app. It does not copy to GoodNotes 
However if I copy from the MacBooks, it works getting the contents I copied from the notebook and pasted to Goodnotes.

2. I cannot change the font size of the contents in the text box, which in Goodnotes4 I can tap on the text box and the font size selection appears. But I cannot see it now",0
3679816095,D,Hkby,https://itunes.apple.com/hk/reviews/id87835712,5.0.3,1,"Cannot import photo from Dropbox

K",0
3679314635,éå¸¸å¥½ç”¨,KamKeat,https://itunes.apple.com/hk/reviews/id284244869,5.0.3,5,ç‰¹åˆ¥ç”¨pencilè¨˜ç­†è¨˜ã€‚å­—è¶³èµ¤æ¥è¿‘ç›´ç­†ï¼Œä»²æœ‰å¯ä»¥æ»™å…«pdfå¯«æ‘˜é‡ã€‚æ•´é«”æ»¿è¶³åˆ°å¸¸å¯«å­—çš„éœ€è¦ï¼,0
3676404640,Why Mac Ver can not update,Kingwai,https://itunes.apple.com/hk/reviews/id212383923,5.0.3,5,"Why Mac Ver can not update
æ˜¯ä¸‹æ¶äº†å—",0
3675812208,Laser pointer missed,ikennethtsui,https://itunes.apple.com/hk/reviews/id144968571,5.0.3,3,"GoodNotes 4â€™s laser pointer is good when using in classroom. Now missed in GoodNotes 5.

When product is upgraded to new version, we assume it will reserve all the features, but why many features in GoodNotes 4 disappearedï¼Ÿ

GoodNotes 4 is a great product, I suggested it to others many many times, if GoodNotes 5 reserved all the GoodNotes 4 features, it would be wonderful.",0
3675665412,it close suddenly!,Mel Mel168,https://itunes.apple.com/hk/reviews/id429288615,5.0.3,1,"i love Goodnotes 4, and is looking forward to the new file system of Goodnotes 5. however, after upgraded, the app close suddenly! this happens in both my iPhone7  and iPad Air. Please help!",0
3673732965,3rd party stylus,johnnyyyyy_,https://itunes.apple.com/hk/reviews/id124126488,5.0.3,3,When will Good Note 5 support 3rd party stylus?,0
3673487090,Lack of google drive sync option,marcongso,https://itunes.apple.com/hk/reviews/id314811237,5.0.3,3,"Im a GN4 user and I really enjoy that I can access my notes on google drive by automatically backing up on there. However, GN5 does not provide that as an option, which cause me a great disturbance. Hope this issue will be addressed real soon, other wise I might consider to refund the app tbh.",0
3673089965,Please add the function of auto backup!,angelkwan,https://itunes.apple.com/hk/reviews/id789443841,5.0.3,4,Goodnotes4 user glad to have a free upgrade to 5. But the auto backup function is very important for students. Please add back this function to 5! Thank you.,0
3671844719,Nice team,ris001,https://itunes.apple.com/hk/reviews/id528612950,5.0.2,5,Iâ€™m came from the GN4. It is a free upgrade! I mean... what more do you want?ğŸ¤£,0
3669396425,Worse handwriting,Dora Chou,https://itunes.apple.com/hk/reviews/id966495257,5.0.2,3,"When Iâ€™m writing quickly, the curved strokes are straightened and form angles, and this didnâ€™t happen in GoodNotes 4. This makes my handwriting looks awful.
Also, some strokes would disappear.
And I would like to have an Undo button in the zoom window (like in Goodnotes 4)

Btw, I hope that line spacing of the text box can be customized cause the current spacing is too packed for me.",0
3667763565,Three suggestions.,è¶™è€å¸«,https://itunes.apple.com/hk/reviews/id49640181,5.0.2,4,"1. I am a Google for education user. The admin restricted all files belong to domain cannot be accessed by users outside the domain. I can access my Google drive files in Goodnotes 4, but I can't in Goodnotes 5. This is a must-have function for me and my students.
2. I love the function that if I show my note through projector, I can hide the tool bar in the projected screen in Goodnotes 4. But in Goodnotes 5, I can't. This is a good function for my teaching.
3. The crayon style in the Keynote app is wonderful for drawing. It would be great if the crayon style could be added.",0
3665737218,Erase with finger,Sabshum,https://itunes.apple.com/hk/reviews/id224595186,5.0.2,4,"I read the review and worried about the lag. That part turned out fine. But I do miss the write with stylus, erase with finger design in GoodNotes 4. Itâ€™s intuitive and saves some of the pen tip.",0
3665641730,Laggggg,cl713,https://itunes.apple.com/hk/reviews/id168859181,5.0.2,1,The lagging is killing me. Please refund. I want to return to GoodNotes 4....,0
3665271981,Writing disappears,kathyyko,https://itunes.apple.com/hk/reviews/id322778381,5.0.2,2,"Writing with Apple Pencil is mostly smooth however from time to time, some of my writings would disappear right after they have been written. Please fix the the issue. Page also keeps moving when I write within the zoomed in box if I rest my hand on the iPad which makes it inconvenient for me to continue writing smoothly .",0
3664500856,The best app for note-taking,Pirate Kingdom,https://itunes.apple.com/hk/reviews/id439581039,5.0.2,4,"Trying it out on my iphone and it runs perfectly, i was worry that it would turn out to be a worse version but i am surprised of the details being added in this new version. Keep up with the excellent work",0
3663823462,Thanks for the free upgrade!,T. Simpson,https://itunes.apple.com/hk/reviews/id474738860,5.0.2,5,"It was awesome to have the change to upgrade from GoodNotes 4 free of charge. Whatâ€™s more, all the files can be moved to the new App with a single press. Really impressive! Thank you in advance for bringing continuous improvement!",0
3663361246,Lagging is so serious,hinxd,https://itunes.apple.com/hk/reviews/id144262836,5.0.2,2,GoodNotes 5 can really feel the lag when writing and rotating screen. Please make improvement ASAP.,0
3663227658,Fair update,Jenna ktyj,https://itunes.apple.com/hk/reviews/id143189046,5.0.2,3,"Its great to hv a new interface
S9mething fresh
But AUTO BACKUP function is lost!!!!!",0
3662962310,Apple Pencil problem,JonyLeeTL,https://itunes.apple.com/hk/reviews/id476106999,5.0.1,2,"Serious delay in Apple Pencil input. Please fix!
The tool bar is too thick that the document size is reduced, it would be better to shrink the tool bar.
Other than those the app is better. Thank you the team a for developing such a good app",0
3662902431,I need support Dropbox pdf backup,Samuel Tang,https://itunes.apple.com/hk/reviews/id154180284,5.0.1,4,As title,0
3662538052,"Good, but something missed",NChu,https://itunes.apple.com/hk/reviews/id162561571,5.0.1,4,"I am a use of GoodNotes 4. Letâ€™s compare 
Many wonderful features are included in GoodNotes 5, for example, easy insertion of photos, it really helps. The shortcuts of many functions are easier to use than before.
However, there are some important functions disappeared. I love using GoodNotes 4 to teach students as the toolbar will be hidden after connected to projectors. This function suddenly disappeared and I felt difficult to use in class. 
I appreciate the efforts the team made, but it is not that practical to me to use in class.",1
3662012934,It doesnâ€™t support any stylus other than Apple pen,dennispun,https://itunes.apple.com/hk/reviews/id106255522,5.0.1,1,I am using Bamboo fineline2. It works on GoodNotes 4. But now it is not work on GoodNotes 5,0
3661037137,Automatic backup function lost,Hahaha0248,https://itunes.apple.com/hk/reviews/id783729517,5.0.1,2,Canâ€™t automatically backup to google drive. Very inconvenient.,0
3660825494,Lagging and not support for google drive sync,user recently purchased,https://itunes.apple.com/hk/reviews/id536396429,5.0.1,2,"Very Nice layout and support for vertical rolling

But very lagging in opening doc & file annotation, with sometimes crash

Some functions were removed such as google drive sync

It is better to fix the bug and add back the features that existing in old version

Thank you",0
3659587005,Great,Mike Au Yeung,https://itunes.apple.com/hk/reviews/id635632159,5.0.1,5,It's very easy to use,0
3659315919,Plz Support Adonit Pen,Fnvslvnfsvbmvbdkh,https://itunes.apple.com/hk/reviews/id478016595,5.0.1,2,"The app only supports Apple Pencil, but I am using adonit pen plz solve this problem ASAP",0
3659276876,Lagging,chgbcdsz,https://itunes.apple.com/hk/reviews/id692155250,5.0.1,4,"I really like the interface but the writing/reaction lag seems increased a lot, especially when using fountain pen.
Also, i cant export GoodNotes5 notes into GoodNotes4.",0
3659264819,Much more better!,Sallllllysh0als,https://itunes.apple.com/hk/reviews/id482453404,5.0.1,5,Much more better than 4,0
3659173827,Automatic Backup Function is missing?,Manton_lam,https://itunes.apple.com/hk/reviews/id43744725,5.0.1,4,"I am happy with this update. 
-More stylus options, love the fountain pen.
-the searching system runs perfectly.
-beautiful interface with simplicity.

Some recommendations/questions:
-can I still backup to google drive automatically?(this is important)
-my notes will be much fruitful if â€œPencil stylusâ€ can be provided.
-in-app split-view. Most the time, I need to refer 2 pdfs at the same time. It would be nice if I can open 2 notes at the same time with Goodnotes5.

Thank you for the teamsâ€™ hard work!",0
3659024548,Here have a Question,App judge @HKG&CO,https://itunes.apple.com/hk/reviews/id868241055,5.0.1,5,Is the app canâ€™t backup in the google drive now?,0
3658424979,Not prepared for screen mirroring,albertotkh,https://itunes.apple.com/hk/reviews/id965115215,5.0.1,5,"It is a productive apps but it seems good notes 5 is not prepared for screen mirroring, unlike good note 4 which can hide all the documents that are not relevant and lock the projecting screen for the audience when I am writing.",1
3657869254,Great improvements on the design.,Harry Ng,https://itunes.apple.com/hk/reviews/id42918298,5.0.1,5,Keep up the great work!!,2
